{
  "mainContext": {
    "containers": {
    },
    "canvas": {
      "pos": [
        972.4721511184491,
        -154.07992020480668
      ],
      "scale": 0.6830134553650702
    }
  },
  "routine": [
  ],
  "idCounter": 60,
  "curContext": []
}